  Config: ollama1-nemotron-cascade-2
Running workflow on issue #90...
  ✓ Issue #90 already has 'pixogram-triage-passed' label.
  ✓ Issue #90 already approved.
  Applied label: model-ollama1-nemotron-cascade-2
  Extracting iteration count...
    [askChat] Backend: Ollama nemotron-cascade-2:latest (think)
    [askChat] Messages: 2, Total: 1296 chars, Timeout: 1200s
    [askChat] Creating agent...
    [askChat] Agent ready, sending messages...
    [thinking] We need to extract iteration count the author wants. The description: "Mach 3 Iterationen." That's German for "Do 3 iterations." So iteration count is 3. We output only number: 3.
3    [ollama] prompt_eval: 313 tok in 0,54s, gen: 49 tok @ 79,8 tok/s, total: 9,1s

    [askChat] OK: 1 chars
  → 3 iterations requested
  Max iterations: 3
    ⚠ Process failed (exit 1): gh api repos/SchlenkR/pxl-clock/contents/issue-90_kerzenlicht_im_wind_ollama1_nemotron_cas/compaction.md --jq .content -H Accept: application/vnd.github.v3+json --method GET -f ref=pixogram-maker
      stderr: gh: Not Found (HTTP 404)

  ─── Fetching issue state... ───
  Issue #90: Kerzenlicht im Wind [ollama1-nemotron-cascade-2]
  Comments: 0, Implementor iterations: 0/3
  Conversation: ~117 tokens (threshold: 102400)
  Narrative conversation: ~265 tokens (code-stripped transcript for Triage + Directors)

  Triage (attempt 1/3)...
    [askChat] Backend: Ollama nemotron-cascade-2:latest (think)
    [askChat] Messages: 2, Total: 8548 chars, Timeout: 1200s
    [askChat] Creating agent...
    [askChat] Agent ready, sending messages...
    [thinking] We need to decide next step according to pipeline.

We have only one turn: the issue opener is user (SchlenkR) with title and body, also says "Mach 3 Iterationen." This is the first turn? The list shows [1] only. No prior pipeline comments. The issue is opened by the user, with "Mach 3 Iterationen." This is a user comment. Since no pipeline comments yet, we need to decide the FIRST step based on idea maturity.

We have no prior pipeline comments. Idea is described: a single candle, flame flickers organically with warm yellow-orange, slight glow, thin smoke, dark background. The user says "Mach 3 Iterationen." Probably wants to iterate 3 times, maybe wants multiple variations.

We need to decide if idea is vague/abstract or well-defined. The description seems fairly specific: single candle, flame flicker, wind effect, glow, smoke, dark background. This seems fairly well-defined but maybe still open to artistic interpretation. The request "Mach 3 Iterationen" could mean create 3 variations.

Given no pipeline comments yet, we need to decide if the first step should be VISIONARY or IMPLEMENTOR. The rule: "If the idea is vague, abstract, or needs creative exploration → VISIONARY; if the idea is already well-defined and detailed (specific colors, animations, clear vision) → IMPLEMENTOR (the issue description itself serves as the direction — implement it)."

Is the idea well-defined enough? The user gave a fairly detailed description. The instruction "Mach 3 Iterationen" could be interpreted as "make 3 iterations", which is a bit open: they want multiple versions. Could be considered needing creative exploration. But the description is specific enough to start implementing? However, they ask for 3 iterations; implementing one might be okay, but they want multiple.

Given the description is fairly concrete, but also still an idea that may need artistic direction: it's a visual concept, could be interpreted. The phrase "Mach 3 Iterationen." suggests they want the system to create 3 variations. That's a request for multiple outputs, not just one.

Given the rule: If idea is already well-defined and detailed -> IMPLEMENTOR. If vague/abstract -> VISIONARY.

The description is moderately defined; we might lean toward IMPLEMENTOR, as they gave specific visual details. The iteration count maybe to be handled later.

But also note they said "Mach 3 Iterationen." Could be considered they want the system to generate 3 separate pixogram variations based on that idea. That could be a batch, but still we need to choose the pipeline step.

Given it's the first step, no pipeline comments yet. The decision is between VISIONARY (develop vision) and IMPLEMENTOR (implement). The description includes many specifics: candle, flame flicker, wind, glow, smoke, dark background. That seems like a clear direction to implement. So we could go with IMPLEMENTOR.

But also the request for multiple iterations might indicate they want iterative refinement, perhaps starting with VISIONARY to define the vision for the 3 iterations? However, the rule says if idea is already well-defined -> IMPLEMENTOR.

Thus I think next step: IMPLEMENTOR.

We must output exactly "IMPLEMENTOR" (or DONE with reason). The reason: The idea is sufficiently specific to implement, and no prior pipeline comments, so we go to Implementor.

Thus final line: IMPLEMENTOR.

But we must include reasoning? The instruction says "Output EXACTLY ONE of these as the LAST line:" and earlier says "Keep reasoning brief — 2–3 sentences citing which routing rule applies." However, the required output is just the line. We need to output exactly the line "IMPLEMENTOR" (maybe with reason? The format shows "DONE:<reason>" only for DONE). For IMPLEMENTOR, just "IMPLEMENTOR". So we output:

IMPLEMENTOR

Probably they expect just that line, no extra text.

Thus final answer: IMPLEMENTOR
IMPLEMENTOR    [ollama] prompt_eval: 2192 tok in 1,97s, gen: 855 tok @ 77,5 tok/s, total: 13,2s

    [askChat] OK: 11 chars
  → IMPLEMENTOR

  [09:59:24] ▶ Running Implementor (Ollama nemotron-cascade-2:latest (think))...
    Prompt: implementor.md
    Iteration: #1
    Implementor conversation: ~117 tokens
    [09:59:24] [impl] Sending to Ollama nemotron-cascade-2:latest (think)...
    [askChat] Backend: Ollama nemotron-cascade-2:latest (think)
    [askChat] Messages: 2, Total: 35991 chars, Timeout: 1200s
    [askChat] Creating agent...
    [askChat] Agent ready, sending messages...
    [thinking] We need to understand the request: The issue is about "Kerzenlicht im Wind" (candlelight in the wind). Need to implement a pixogram (animated pixel art) for the PXL Clock. Must produce C# code implementing this. The user says "Mach 3 Iterationen." Probably means make 3 iterations (versions) of the code? Or perhaps they want three iterations (i.e., three steps) in the code? In previous context, they said "Mach 3 Iterationen." Might be instructing to make three iterations (e.g., three frames) or three distinct variations. The instruction for implementor: we need to produce code that matches creative direction. Since it's an issue with label pixogram-approved, we need to produce a final code.

We need to consider previous code? The conversation only contains this issue and no previous code. So we have to write from scratch.

We need to create a scene with a single candle in the middle, flame flickers organically with warm yellow-orange, tilts gently left and right as if wind, slight glow around the flame, thin smoke tendril rising. Dark background.

We need to implement that in C# Pxl code.

We should include metadata header: app: CandleWind, displayName: Kerzenlicht im Wind, author: ??? The issue author is @SchlenkR (maybe). Use that name.

We need to produce final C# code inside a fenced block with // --- frontmatter and var scene = ... etc.

We must follow coding conventions: use var for locals, keep type consistency, double based coordinates, etc.

We need to animate flame flicker: we can use time-based sine to tilt flame (e.g., offset of flame position horizontally). Also use color flicker for flame brightness and color (yellow/orange). Smoke: a thin line rising from candle base, maybe using a particle that moves upward with a slight sway.

Since it's pixel art, we can approximate by drawing a candle shape (a small rectangle) and flame shape (maybe using a set of pixels around a center). Use ctx.DrawPoint for each pixel? Could use ctx.DrawCircle for flame, but we need organic flicker; we could adjust flame vertical position and color.

Simplify: Use a static candle: a thin vertical line at center (12, 12? Actually 24x24, middle around (12,12). Candle maybe a rectangle 2x6 (or 3x5) at center bottom. Then flame: a small cluster of pixels (maybe a triangle) above candle, with y position varying with sine over time. Color: warm yellow/orange gradient; we can draw points with varying colors.

We need to incorporate slight glow around flame: maybe draw a semi-transparent halo (but we have no anti-aliasing; we can set pixel with alpha less than 1). However, Colors class can be used with alpha (e.g., Colors.FromRgbByte with lower opacity?). There's no explicit alpha in drawing, but we can use ctx.DrawPoint with color having lower opacity (e.g., Colors.FromRgbByte(255, 200, 0).WithAlpha(128)?? There's Color.FromRgbByte and WithAlpha method returns new Color. The DrawPoint overload takes Paint? Probably accepts Color, which can have alpha. Use var glow = Colors.FromRgbByte(255, 200, 150).WithAlpha(128). But Colors.* probably returns a Color with full alpha (1). There may be Color.FromArgbByte. Use Colors.FromRgbByte(255,200,150) then set alpha later? There is Color.FromRgbByte, which has alpha default 1? Actually Color.FromRgbByte probably sets alpha to 255 by default. But we can call .WithAlpha(128) which returns a new Color with alpha. Use that.

Simplify: Use a slight glow by drawing the same flame pixel set with a lighter color but behind (draw after flame maybe? Actually glow should be around flame, maybe draw a slightly larger shape with color with lower alpha before flame.

We can approximate: For each flame pixel, draw a surrounding halo (maybe using ctx.DrawPoint for each neighbor with a semi-transparent color). But we can just draw a background halo before the flame: for x in flame area, draw a slightly larger shape with Color.FromRgbByte(255,200,100).WithAlpha(80) and then draw flame with solid color.

Smoke: thin line of gray pixels that moves upward with slight left-right drift; we can animate using sine.

Implementation approach:

- Define variables outside scene: var flameCenterX = 12.0; // horizontal center for candle
- var flameBaseY = 12.0; // base Y of flame (above candle)
- Use time: double t = ctx.Elapsed.TotalSeconds; // time in seconds
- For flame vertical offset: double flameYOffset = Math.Sin(t * 4) * 0.3; // small up/down
- For tilt: double flameXOffset = Math.Sin(t * 3) * 0.4; // left-right tilt (small)
- Flame center: (flameCenterX + flameXOffset, flameBaseY - (flameHeight + flameYOffset))

Flame shape: maybe a small triangle of 5 rows: row 0 (top) one pixel, row 1 two pixels, row 2 three, row 3 four, row 4 five? But we need to map to pixel coordinates relative to center.

Simplify: Draw flame as 3 rows of points with increasing width.

Implementation: At each frame, compute flame center (cx, cy). Then for i from 0 to 4 (rows), compute width = i*2+1 (max 5). Compute left offset = -(width-1)/2. For each pixel column from left to left+width, set pixel at (cx + offset, cy - i). Use different colors for each row: top row maybe bright orange, lower rows more yellow.

We can use a loop inside scene.

For candle: draw a vertical rectangle (2x6) at center bottom (below flame). Candle position: maybe (12-1, 15) (since coordinate 0-23). Use 2 pixel width: x = 11 and 12 (center 12). Height maybe 6: y from 14 to 19? Need to ensure smoke rises from top of candle.

Simplify: Candle rectangle: draw 2x6 block at coordinates (11, 14) to (12, 19) (using DrawRectXyWh). Or we could draw using SetPixel loops.

We can use ctx.DrawRectXyWh(x:11, y:14, width:2, height:6, colorFill: Colors.DarkGray) but we can't use explicit type; we must use var and Color implicitly.

Colors.DarkGray is pre-defined? There's Colors.Gray (gray). Also Colors.DarkBlue. Not sure about DarkGray; but we can use Colors.Black maybe with some shading; we can use Colors.Rgb(100,100,100) maybe. But we need a Color that is not explicitly defined; we can use Color.FromRgbByte(100,100,100). But we need to use var for the color: var candleColor = Color.FromRgbByte(100,100,100);

But the code will have to include the using; but using is automatically included? In Pxl examples they use #:package Pxl@*; not using Pxl.Ui.CSharp (the namespace is likely imported automatically). They just use Colors and DrawingContext.

We can use Colors.DarkGray if available; but not sure. To be safe, use Colors.Black and maybe lower brightness for candle? Use Color.FromRgbByte(50,50,50). Or use Colors.Gray (maybe is gray). The list includes Colors.Gray, maybe it's a mid-gray. We'll use Colors.Gray.

Candle: we can draw rectangle: ctx.DrawRectXyWh(11, 14, 2, 6, colorFill: Colors.Gray). That draws a candle shape.

Now flame: we can draw points. Use nested loops to draw.

Also draw smoke: thin vertical line of gray that moves up, perhaps with slight horizontal sway. Could be a single pixel at (12 + Math.Sin(t*2)*0.5, 14 - smokeOffset) where smokeOffset increments. Use SetPixel.

Implementation details:

- Use var t = ctx.Elapsed.TotalSeconds;
- var flameCenterX = 12.0;
- var flameBaseY = 12.0; // approximate base of flame
- var flameXOffset = Math.Sin(t * 3) * 0.3; // small tilt left-right
- var flameYOffset = Math.Sin(t * 4) * 0.2; // up/down flicker

- Compute flameCenter = (flameCenterX + flameXOffset, flameBaseY - flameYOffset);

- Define flameHeightRows = 5; // rows of flame.

- For each row i (0 to 4), compute pixelY = flameCenter.Y - i; // i rows down from top
- width = i*2 + 1 (max 5 at bottom). For each col j from -width/2 to +width/2 inclusive, compute x = flameCenter.X + j; y = pixelY; set pixel.

- Choose color based on row: maybe a gradient: top row (i=0) bright orange (255,200,80) with full alpha, lower rows more yellow (255,220,100), bottom rows more red? Use Color.FromRgbByte with appropriate bytes.

We'll precompute color per row: var flameColorTop = Colors.FromRgbByte(255,200,80); var flameColorMid = Colors.FromRgbByte(255,220,100); var flameColorBottom = Colors.FromRgbByte(255,160,30); Use .WithAlpha maybe for glow? We can use a glow: before drawing flame, draw a slightly larger shape with semi-transparent color.

Simplify: Draw glow: for each row, draw a larger shape: width = width + 2, x = flameCenter.X - (width/2+1) + (j+1?) Actually we can just draw a halo: for each pixel in flame, also set a few neighbor pixels with a slightly larger shape. But that's complex.

Alternative: Use ctx.DrawCircle for each flame pixel with color that has glow? The DrawCircle will draw a filled circle of radius 0? No.

Simplify: Use a separate step: first draw a bigger shape (flame halo) using color with alpha< 1 at same positions as flame but with slightly larger coordinates. For each row i, we can compute haloWidth = i*2+3 (one larger on each side) and draw a block of width haloWidth at same Y offset but centered, and then draw flame as inner block. Use color: For halo use Colors.FromRgbByte(255,200,80).WithAlpha(128). Then draw flame with full alpha.

Implementation: We can draw rectangle per row using ctx.DrawRectXyWh: For halo: x = flameCenter.X - (haloWidth-1)/2, y = flameCenter.Y - i, width = haloWidth, height = 1, colorFill: haloColor (semi transparent). Then draw flame: x = flameCenter.X - (width-1)/2, width = width, y = flameCenter.Y - i, height = 1, colorFill: flameColor (opaque).

But note that DrawRectXyWh draws a rectangle (filled). For a line of pixels, this works.

We need to ensure we are inside canvas: coordinates must be within 0-23. We can clamp? Usually drawing outside may be ignored or error? Should be safe if coordinates are within bounds for typical values (flame center at around 12,6? Actually flameBaseY = 12, so top of flame at ~12 - 4 = 8. Adding offsets +/-0.4 still within range.

We can use DrawRectXyWh for each row; it's easy.

Thus we need to compute for each row:

- rowHeight = 1
- For halo: int haloWidth = (i*2+1) + 2 = i*2+3
- haloX = flameCenter.X - haloWidth/2.0
- haloY = flameCenter.Y - i (since rows decreasing Y)
- DrawRectXyWh(haloX, haloY, haloWidth, 1, haloColor, ...)

- For flame: width = i*2+1
- flameX = flameCenter.X - width/2.0
- flameY = flameCenter.Y - i
- DrawRectXyWh(flameX, flameY, width, 1, flameColor, ...)

But note the order: draw halo first (background) then flame on top.

Now for candle: after flame, draw candle rectangle at bottom: coordinates (11, 14) width 2 height 6, fill color Colors.Gray (or a darker color). Possibly also add a tiny flame on top? But we have flame.

Now smoke: thin line rising from the top of candle. The top of candle maybe at y=14 (the top of candle rectangle). Smoke pixel maybe at y=13.5? We can use SetPixel for a single pixel.

We'll have a smoke offset: var smokeOffset = Math.Sin(t * 2) * 0.2; // left-right wiggle

Compute smokeX = 12.0 + Math.Sin(t * 2) * 0.5 + smokeOffset? Actually we already have flameXOffset for flame, but we can compute separate.

Simplify: Smoke base X = flameCenterX (12). Add slight wobble: var smokeX = 12.0 + Math.Sin(t * 2) * 0.3; var smokeY = 13.0 + Math.Cos(t * 2) * 0.5 - (t * 2); // moving upward over time

Alternatively, we can define var smokeY = 13.0 + Math.Cos(t * 2) * 0.2 - t * 0.5; // gradually upward.

We need to ensure Y decreasing upward (0 top). So moving upward means y decreasing.

So we can have smokeY = 13.0 + (t * 1.5) // Actually we need y decreasing, so smokeY = 13.0 - (t * 0.5) (so goes up). Use small value.

Will keep simple: var smokeX = 12.0 + Math.Sin(t * 3) * 0.2; var smokeY = 13.0 - t * 0.5; // each second, smoke moves up 0.5 pixel (which will be out of display after some seconds, but that's fine). Ensure Y stays >=0, but we can just draw; out-of-range will be clipped.

Set pixel: ctx.SetPixel(smokeX, smokeY, Colors.Gray.WithAlpha(180))? Actually we can just use Colors.Gray (maybe a lighter gray). Use var smokeColor = Colors.FromRgbByte(150,150,150).WithAlpha(180);

But need to create Color with alpha; .WithAlpha takes double (0-1). We can do .WithAlpha(180) where 180 is in range 0-255? Actually .WithAlpha is overloaded with double (0.0-1.0). There's WithAlphaByte with byte. Use .WithAlphaByte(180). That returns Color with alpha 180. We'll use that.

Define var smokeColor = Colors.FromRgbByte(150,150,150).WithAlphaByte(180); Then ctx.SetPixel(smokeX, smokeY, smokeColor);

Now we need to ensure we have `ctx.SetPixel` method available: It is an extension method for DrawingContext. Use var x = smokeX; var y = smokeY; but SetPixel expects double? It likely takes double x, double y and Paint color. The overload signature: `ctx.SetPixel(double x, double y, Paint? color = null, ...)` Actually there is `ctx.SetPixel(double x, double y, Paint? color = null, double strokeWidth = 1, bool isAntialias = true)`. Paint is a type that can be implicitly converted from Color. So we can call `ctx.SetPixel(smokeX, smokeY, smokeColor);`. That should work.

Make sure we import nothing else.

Now we need to write the code with metadata header:

// ---
// app: KerzenlichtImWind
// displayName: Kerzenlicht im Wind
// author: SchlenkR
// description: Kerze mit flackernder Flamme und aufsteigendem Rauchn. Dunkler Hintergrund.
// appType: Scene (default) maybe not needed.

We can include appType: Scene.

Add comment: // ---

Then #:package Pxl@*

Then code: using Pxl.Ui.CSharp;

Define variables at file root: var t; but we can compute inside scene each frame.

We can have state variables defined outside scene: maybe we need flameXOffset and flameYOffset as computed per frame using time. Actually we can compute inside scene each frame using ctx.Elapsed.TotalSeconds.

Thus outside scene we may define nothing; just var scene = (DrawingContext ctx) => { ... };

But we may need some constants: var flameCenterX = 12.0; var flameBaseY = 12.0; var candleX = 11.0; var candleY = 14.0; var candleWidth = 2.0; var candleHeight = 6.0; var smokeXStart = 12.0; var smokeYStart = 13.0; etc.

We can declare them as var at top-level before scene. They persist across frames.

Define var flameCenterX = 12.0;
var flameBaseY = 12.0;
var candleX = 11.0;
var candleY = 14.0;
var candleWidth = 2.0;
var candleHeight = 6.0;
var smokeYStart = 13.0; // y at which smoke starts (top of candle)

Then scene.

Now implement.

One important: Use only var for local variables. But we also have top-level var declarations; they must be var too.

We can declare:

var flameCenterX = 12.0;
var flameBaseY = 12.0;
var candleX = 11.0;
var candleY = 14.0;
var candleWidth = 2.0;
var candleHeight = 6.0;
var smokeYStart = 13.0;
var smokeColor = Colors.FromRgbByte(150,150,150).WithAlphaByte(180);

Note: Colors.FromRgbByte returns Color; .WithAlphaByte returns Color. This is fine.

Now scene:

var scene = (DrawingContext ctx) =>
{
    ctx.DrawBackground(Colors.Black);

    // Candle
    ctx.DrawRectXyWh(
        candleX, candleY, candleWidth, candleHeight,
        colorFill: Colors.Gray); // using built-in Colors.Gray

    // Smoke (rising)
    var t = ctx.Elapsed.TotalSeconds;
    var smokeX = flameCenterX + Math.Sin(t * 3) * 0.3;
    var smokeY = smokeYStart - t * 0.5; // rises upward
    ctx.SetPixel(smokeX, smokeY, smokeColor);

    // Flame animation
    double tNow = ctx.Elapsed.TotalSeconds;
    double flameXOffset = Math.Sin(tNow * 3) * 0.3;
    double flameYOffset = Math.Sin(tNow * 4) * 0.2;

    double flameCenterX = flameCenterX; // Actually we want to use variable; rename earlier variable as flameCenterXConst? Actually we defined flameCenterX var = 12.0; but inside scene we reassign flameCenterX variable; conflict: we cannot redeclare var with same name. Use distinct names: var flameBaseX = 12.0; we need to avoid naming conflict. We'll rename the state variable as flameCenterXBase.

Let's rework: At top-level:

var flameCenterXBase = 12.0;
var flameBaseY = 12.0;
var candleX = 11.0;
var candleY = 14.0;
var candleWidth = 2.0;
var candleHeight = 6.0;
var smokeYStart = 13.0;
var smokeColor = Colors.FromRgbByte(150,150,150).WithAlphaByte(180);

Now inside scene:

var flameXOffset = Math.Sin(t * 3) * 0.3;
var flameYOffset = Math.Sin(t * 4) * 0.2;

double flameCenterX = flameCenterXBase + flameXOffset;
double flameCenterY = flameBaseY - flameYOffset;

Then for rows i 0..4:

for (int i = 0; i< 5; i++)
{
    int haloWidth = i * 2 + 3;
    double haloX = flameCenterX - haloWidth / 2.0;
    double haloY = flameCenterY - i;
    var haloColor = Colors.FromRgbByte(255,200,80).WithAlphaByte(128);
    ctx.DrawRectXyWh(haloX, haloY, haloWidth, 1, colorFill: haloColor);

    int flameWidth = i * 2 + 1;
    double flameX = flameCenterX - flameWidth / 2.0;
    double flameY = flameCenterY - i;
    var flameColor = i == 0 ? Colors.FromRgbByte(255,160,30) :
                     i == 1 ? Colors.FromRgbByte(255,220,100) :
                     Colors.FromRgbByte(255,200,80);
    ctx.DrawRectXyWh(flameX, flameY, flameWidth, 1, colorFill: flameColor);
}

Make sure we use var flameColor assignment: can use conditional operator.

But we cannot have if inside var? Yes we can assign in statement: `var flameColor = i == 0 ? ... : ...;` That's fine.

Now draw background first (already done with ctx.DrawBackground).

Make sure we have using System.Math; but Math is imported automatically. It should be fine.

Check for syntax: In C# top-level script, we can write for loop directly.

We need to ensure we use var for local variables inside the lambda.

Now final code:

// ---
// app: KerzenlichtImWind
// displayName: Kerzenlicht im Wind
// author: SchlenkR
// description: Candle in the wind, flickering flame, rising smoke, dark background.
// appType: Scene
// ---

#:package Pxl@*

using Pxl.Ui.CSharp;

var flameCenterXBase = 12.0;
var flameBaseY = 12.0;
var candleX = 11.0;
var candleY = 14.0;
var candleWidth = 2.0;
var candleHeight = 6.0;
var smokeYStart = 13.0;
var smokeColor = Colors.FromRgbByte(150,150,150).WithAlphaByte(180);

var scene = (DrawingContext ctx) =>
{
    ctx.DrawBackground(Colors.Black);

    // Candle body
    ctx.DrawRectXyWh(candleX, candleY, candleWidth, candleHeight,
        colorFill: Colors.Gray);

    // Smoke
    var t = ctx.Elapsed.TotalSeconds;
    var smokeX = flameCenterXBase + Math.Sin(t * 3) * 0.3;
    var smokeY = smokeYStart - t * 0.5;
    ctx.SetPixel(smokeX, smokeY, smokeColor);

    // Flame animation
    var flameXOffset = Math.Sin(t * 3) * 0.3;
    var flameYOffset = Math.Sin(t * 4) * 0.2;

    double flameCenterX = flameCenterXBase + flameXOffset;
    double flameCenterY = flameBaseY - flameYOffset;

    for (int i = 0; i< 5; i++)
    {
        int haloWidth = i * 2 + 3;
        double haloX = flameCenterX - haloWidth / 2.0;
        double haloY = flameCenterY - i;
        var haloColor = Colors.FromRgbByte(255,200,80).WithAlphaByte(128);
        ctx.DrawRectXyWh(haloX, haloY, haloWidth, 1, colorFill: haloColor);

        int flameWidth = i * 2 + 1;
        double flameX = flameCenterX - flameWidth / 2.0;
        double flameY = flameCenterY - i;
        var flameColor = i == 0
            ? Colors.FromRgbByte(255,160,30)
            : i == 1
                ? Colors.FromRgbByte(255,220,100)
                : Colors.FromRgbByte(255,200,80);
        ctx.DrawRectXyWh(flameX, flameY, flameWidth, 1, colorFill: flameColor);
    }
};

That should compile. Need to ensure all used methods exist: DrawRectXyWh has parameters: double x, double y, double width, double height, Paint? colorFill = null, ... Accepts Paint; we pass colorFill: Colors.Gray (Color). Should work.

Check variable naming: `Colors.Gray` is maybe defined. If not, use `Colors.Gray`? There's Colors.Gray listed. Good.

Check `Colors.FromRgbByte` method: defined? In Pxl there is Color.FromRgbByte. Should be fine.

Check `.WithAlphaByte(128)` method: there is WithAlphaByte (int alphaByte). In description, there is `Color.WithAlphaByte(byte alpha)`. Yes.

`Color.FromRgbByte(150,150,150).WithAlphaByte(180)` returns Color with alpha.

Check `ctx.SetPixel(smokeX, smokeY, smokeColor);` SetPixel method signature: maybe expects double x, double y, Paint? color. Works.

Check `ctx.DrawBackground(Colors.Black);` Colors.Black is fine.

Check `ctx.DrawRectXyWh` used for both candle and flame/halo.

Potential issue: In `ctx.DrawRectXyWh` for halo and flame, the rectangle height is 1 (pixel high). Good.

Potential conflict: `var flameXOffset = Math.Sin(t * 3) * 0.3;` But we already computed t earlier as `var t = ctx.Elapsed.TotalSeconds;`. That's fine; but we used t for both smoke and flame offsets. However we then compute flameXOffset and flameYOffset after we used t for smoke; fine.

Potential conflict: We defined a local variable `flameXOffset` but also earlier we have a top-level `flameCenterXBase`. No conflict.

Potential naming conflict: variable `flameCenterXBase` defined earlier; inside scene we compute `double flameCenterX = flameCenterXBase + flameXOffset;`. That's fine.

Check that we used `flameCenterY = flameBaseY - flameYOffset;` but we defined `flameBaseY` at top-level. Actually we defined `var flameBaseY = 12.0;` but we also have variable `flameBaseY` but in scene we wrote `double flameCenterY = flameBaseY - flameYOffset;`. That's correct.

Wait we have variable named `flameBaseY` vs `flameBaseY` used earlier; but we also used `flameBaseY` at top-level as `flameBaseY = 12.0;` Actually top-level we defined `var flameBaseY = 12.0;`. Inside scene we also have a variable `flameBaseY`? No we used `flameBaseY` in the inner scope; but we also wrote a local variable `double flameCenterY = flameBaseY - flameYOffset;`. That will shadow the outer `flameBaseY`? Actually variable names are separate scopes; but it's fine.

Potential naming conflict: we also have a variable named `flameBaseY` inside the loop? No.

One potential issue: we used `var t = ctx.Elapsed.TotalSeconds;` then used `t` later for both smoke and flame offset, but after we compute flameXOffset = Math.Sin(t * 3) * 0.3; we also compute flameYOffset = Math.Sin(t * 4) * 0.2; It uses t variable unchanged. Good.

Now we need to ensure we didn't accidentally use variable `t` after we re-declared `t` as local? We have var t at the start of scene. Then later we have a new `var t`? No, we have `var t = ctx.Elapsed.TotalSeconds;` and then later we used `var flameXOffset = Math.Sin(t * 3) * 0.3;`. That's fine.

Make sure we didn't redeclare `t` inside flame offset. We wrote `var flameXOffset = Math.Sin(t * 3) * 0.3;` but we also wrote `var flameYOffset = Math.Sin(t * 4) * 0.2;`. That's fine.

Potential issue: We also wrote `var flameCenterX = flameCenterXBase + flameXOffset;` That's fine.

Now check imports: we used `using Pxl.Ui.CSharp;` That's correct.

We used `ctx.DrawRectXyWh` with parameters: x, y, width, height, colorFill: ... The method signature: `DrawRectXyWh(double x, double y, double width, double height, Paint? colorFill = null, Paint? colorStroke = null, double strokeWidth = 1, bool isAntialias = true)`. We passed `colorFill: Colors.Gray`, that works.

Check `Colors.Gray` existence: According to API list, there's `Colors.Gray`. It is present.

Check that we used `ctx.SetPixel(smokeX, smokeY, smokeColor);` The method signature: `SetPixel(double x, double y, Paint? color = null, double strokeWidth = 1, bool isAntialias = true)`. Should work.

Potential issues with colors: We used `Colors.FromRgbByte` with bytes (150,150,150). Need to confirm that there is method `Colors.FromRgbByte`. In API, they have `Color.FromRgbByte(r, g, b)` returns Color. Yes.

Alpha with `.WithAlphaByte(180)`. Should work.

Make sure we didn't use any explicit type for local variables: We used var for all locals.

We used top-level `var` for state variables, but the spec says top-level locals are not visible inside classes, but we have no classes.

Everything looks fine.

One more thing: At top-level we have a variable named `flameCenterXBase` and later we have a variable `flameCenterX` inside scene, which shadows the outer variable? Actually we have `var flameCenterXBase = 12.0;` and later inside scene we declare `double flameCenterX = flameCenterXBase + flameXOffset;`. That will define a new local variable inside the lambda; it will hide the outer variable only within the lambda. That's fine.

Potential naming conflict: We have a state variable `candleX`, `candleY`, etc.

Now check that we used `Colors.Gray` but we also used `Colors.Black`. Both exist.

Now we need to output the final code block with no extra text after it.

Make sure we put the metadata header exactly:

// ---
// app: KerzenlichtImWind
// displayName: Kerzenlicht im Wind
// author: SchlenkR
// description: Candle in the wind, flickering flame, rising smoke, dark background.
// appType: Scene
// ---

Potential note: The app name must be alphanumeric only (no hyphens/underscores). "KerzenlichtImWind" is fine (no hyphens). Could also be "KerzenlichtImWind". We used "KerzenlichtImWind". Good.

The displayName has spaces and umlaut? It contains "Kerzenlicht im Wind". Contains space and umlaut "ä"? Actually "im" is okay, "Wind" okay. There's an umlaut? No, "Kerzenlicht im Wind" has no umlaut. The characters are ASCII? "im" is ascii. There is space? In displayName we can have spaces. The spec says `displayName` is string; can be any characters; likely fine.

App name must be ascii letters and digits only; we have "KerzenlichtImWind" which is ascii letters and no hyphens.

Make sure we don't have hyphens or spaces in app name. We have "KerzenlichtImWind". Good.

We have a description line with punctuation, okay.

Now ensure we didn't put any trailing spaces or newlines after the final block. We should end the response with the code block, no other text. The spec says we can have analysis before code block, but final output must be a fenced csharp block and nothing else after.

We will include analysis as plain text before the code block, then code block, and ensure there is no extra text after the block.

So structure:

[analysis] (we already have analysis in our answer, but we can optionally include analysis text? The spec says we must write analysis as plain text before the code block. It says: "Before you code — THINK FIRST: ... Write this analysis as plain text before the code block." So we need to include analysis text. However the final output is judged by the pipeline that extracts the last csharp block. The analysis text will be before the block, which is allowed.

Thus we should provide analysis (the reasoning) as plain text, then the code block.

We must ensure there is no extra commentary after the code block. So after code block, we must stop. We must not have trailing spaces or newlines? Possibly fine.

Thus our answer: Provide analysis paragraph, then code block.

We'll produce:

[analysis]

[then blank line]

```csharp
// ...
```

Make sure no extra characters after code block. We can end with triple backticks and newline.

Make sure not to have text after.

Thus final answer: We'll give analysis, then code block.

Let's draft analysis: "Analysis: The issue requests a candle in the wind with flickering flame, glow, and rising smoke. We create a static candle rectangle at center, animate flame using sine offsets, draw a semi-transparent halo and colored rows for flame, and animate smoke rising with left-right wobble. All state variables are declared at top-level with var, and scene lambda draws each frame." Something like that.

Now code block.

Make sure we have "#:package Pxl@*" directive.

We need to ensure we have "using Pxl.Ui.CSharp;" It's not strictly required but it's fine. Some code examples include using; they do, but not mandatory as it's likely automatically imported. It's safe.

Will the pipeline allow using? It should be fine.

Now ensure we have exactly one csharp block, not multiple.

We'll not have any comments after code block.

Okay.

Now produce answer.
Analysis:
The user wants a pixogram of a candle in the wind. The candle should be drawn in the middle of a dark background, with a flame that flickers organically (warm yellow‑orange, tilting left/right), a slight glow around the flame, and a thin smoke tendril that rises. I will model the candle as a small 2×6 gray rectangle. The flame will be rendered as five horizontal rows whose width grows outward. Its vertical position and horizontal sway will be driven by sine functions based on `ctx.Elapsed.TotalSeconds`. A semi‑transparent halo (alpha 128) will be drawn first, then the colored flame rows. Smoke will be a single gray pixel whose X‑position wobbles with a sine wave and Y‑position rises over time. All state variables are declared at the script root with `var`. The scene lambda draws the background, candle, smoke, and animated flame each frame.

```csharp
// ---
// app: KerzenlichtImWind
// displayName: Kerzenlicht im Wind
// author: SchlenkR
// description: Candle in the wind, flickering flame, rising smoke, dark background.
// appType: Scene
// ---
#:package Pxl@*

using Pxl.Ui.CSharp;

var flameCenterXBase = 12.0;
var flameBaseY = 12.0;
var candleX = 11.0;
var candleY = 14.0;
var candleWidth = 2.0;
var candleHeight = 6.0;
var smokeYStart = 13.0;
var smokeColor = Colors.FromRgbByte(150,150,150).WithAlphaByte(180);

var scene = (DrawingContext ctx) =>
{
    ctx.DrawBackground(Colors.Black);

    // Candle body
    ctx.DrawRectXyWh(candleX, candleY, candleWidth, candleHeight,
        colorFill: Colors.Gray);

    // Smoke
    var t = ctx.Elapsed.TotalSeconds;
    var smokeX = flameCenterXBase + Math.Sin(t * 3) * 0.3;
    var smokeY = smokeYStart - t * 0.5;
    ctx.SetPixel(smokeX, smokeY, smokeColor);

    // Flame animation
    var flameXOffset = Math.Sin(t * 3) * 0.3;
    var flameYOffset = Math.Sin(t * 4) * 0.2;

    double flameCenterX = flameCenterXBase + flameXOffset;
    double flameCenterY = flameBaseY - flameYOffset;

    for (int i = 0; i < 5; i++)
    {
        int haloWidth = i * 2 + 3;
        double haloX = flameCenterX - haloWidth / 2.0;
        double haloY = flameCenterY - i;
        var haloColor = Colors.FromRgbByte(255,200,80).WithAlphaByte(128);
        ctx.DrawRectXyWh(haloX, haloY, haloWidth, 1, colorFill: haloColor);

        int flameWidth = i * 2 + 1;
        double flameX = flameCenterX - flameWidth / 2.0;
        double flameY = flameCenterY - i;
        var flameColor = i == 0
            ? Colors.FromRgbByte(255,160,30)
            : i == 1
                ? Colors.FromRgbByte(255,220,100)
                : Colors.FromRgbByte(255,200,80);
        ctx.DrawRectXyWh(flameX, flameY, flameWidth, 1, colorFill: flameColor);
    }
};
```    [ollama] prompt_eval: 10033 tok in 8,93s, gen: 8777 tok @ 73,3 tok/s, total: 129,9s

    [askChat] OK: 2712 chars
    [impl] Code extracted via marker (1835 chars from 2712 chars response)
    [10:01:34] [impl] Render attempt 1/5...
    Code saved: /Users/ronald/repos/github.pxl/pxl-clock/pixogram-maker/src/pixograms/output/issue-90/2026-04-22_10-01-34.cs
  Rendering: 2026-04-22_10-01-34.cs → 2026-04-22_10-01-34.gif
  [10:01:35] Render FAILED (exit 1)
    Render failed (attempt 1): Rendering 1200 frames (30s at 40fps, 24x24, mode=Clock)...
Compiling 2026-04-22_10-01-34.cs (app: KerzenlichtImWind)...
Error: C# compilation failed:
2026-04-22_10-01-34.cs(22,25): error CS0117: "Colors" enthält keine Definition für "FromRgbByte".
2026-04-22_10-01-34.cs(44,32): error CS0117: "Colors" enthält keine Definition für "FromRgbByte".
2026-04-22_10-01-34.cs(50,22): error CS0117: "Colors" enthält keine Definition für "FromRgbByte".
2026-04-22_10-01-34.cs(52,26): error CS0117: "Colors" enthält keine Definition für "FromRgbByte".
2026-04-22_10-01-34.cs(53,26): error CS0117: "Colors" enthält keine Definition für "FromRgbByte".
    [impl] Sending error feedback (attempt 1, history: 1 pairs)...
    [askChat] Backend: Ollama nemotron-cascade-2:latest (think)
    [askChat] Messages: 4, Total: 38626 chars, Timeout: 1200s
    [askChat] Creating agent...
    [askChat] Agent ready, sending messages...
    [thinking] We need to fix compilation errors: Colors does not have FromRgbByte. In PXL API, Colors class likely has static properties like Colors.White, Colors.Black, etc., but not FromRgbByte. Actually there is Color.FromRgbByte method, not Colors.FromRgbByte. Colors likely is a static class with predefined color constants, not methods. To create custom color, we should use Color.FromRgbByte(r,g,b) or Color.FromRgb(r,g,b). The error says "Colors" contains no definition for "FromRgbByte". In code we wrote Colors.FromRgbByte(...). Should replace with Color.FromRgbByte(...). Also possibly use Color.FromRgbByte? The method name is likely Color.FromRgbByte (capital C). We'll need to import namespace Pxl.Ui.CSharp already. Use Color.FromRgbByte.

Thus replace all Colors.FromRgbByte usages with Color.FromRgbByte(...). Also ensure we have using; we have using Pxl.Ui.CSharp; that's fine.

Also note we used Colors.FromRgbByte in multiple places. Should also adjust other possible missing methods: Colors.Gray might exist. Gray is likely Colors.Gray (defined). Colors.Black, etc.

We also used Colors.FromRgbByte for smokeColor etc. Should change to Color.FromRgbByte.

We also used Colors.FromRgbByte in flame colors: use Color.FromRgbByte.

Also in earlier part we used Colors.Gray for candle body (Colors.Gray exists? Probably Colors.Gray exists). Colors.Gray is likely defined. If not, maybe it's Colors.Gray? Might be Colors.Gray? In some libraries, Gray is a predefined color. Let's assume it's fine.

Also we used Colors.FromRgbByte in haloColor, flameColor. Should fix.

Thus final code: replace Colors.FromRgbByte with Color.FromRgbByte.

Also ensure we didn't reference Colors.FromRgbByte incorrectly with different capitalization: Colors.FromRgbByte vs Color.FromRgbByte. The static class may be Color. So change.

Also the code uses Colors.FromRgbByte(255,160,30) etc. Those values are bytes (0-255). Color.FromRgbByte takes (byte r, byte g, byte b). Works.

Thus final code.

Also note we used Colors.FromRgbByte for smokeColor: Color.FromRgbByte(150,150,150).WithAlphaByte(180). That's fine.

Let's rewrite entire code block with these changes.

We also need to keep frontmatter comment block.

We'll output final code with corrections.

Check for any other compilation issues: Use of Colors.FromRgbByte appears also in earlier part? In earlier code: we had Colors.FromRgbByte in several lines; all replaced.

Also we used Colors.FromRgbByte in context of haloColor etc.

Potential missing using: we already have using Pxl.Ui.CSharp; includes Color.

Also we used Colors.Gray; check if exists; but it's likely fine.

We also used Colors.Black for background (Colors.Black defined). Good.

Check variables: var smokeColor defined as Colors.FromRgbByte(150,150,150).WithAlphaByte(180). After change becomes Color.FromRgbByte(150,150,150).WithAlphaByte(180). Good.

Check all other code: fine.

Thus produce final code.
```csharp
// ---
// app: KerzenlichtImWind
// displayName: Kerzenlicht im Wind
// author: SchlenkR
// description: Candle in the wind, flickering flame, rising smoke, dark background.
// appType: Scene
// ---

#:package Pxl@*

using Pxl.Ui.CSharp;

var flameCenterXBase = 12.0;
var flameBaseY = 12.0;
var candleX = 11.0;
var candleY = 14.0;
var candleWidth = 2.0;
var candleHeight = 6.0;
var smokeYStart = 13.0;
var smokeColor = Color.FromRgbByte(150,150,150).WithAlphaByte(180);

var scene = (DrawingContext ctx) =>
{
    ctx.DrawBackground(Colors.Black);

    // Candle body
    ctx.DrawRectXyWh(candleX, candleY, candleWidth, candleHeight,
        colorFill: Colors.Gray);

    // Smoke
    var t = ctx.Elapsed.TotalSeconds;
    var smokeX = flameCenterXBase + Math.Sin(t * 3) * 0.3;
    var smokeY = smokeYStart - t * 0.5;
    ctx.SetPixel(smokeX, smokeY, smokeColor);

    // Flame animation
    var flameXOffset = Math.Sin(t * 3) * 0.3;
    var flameYOffset = Math.Sin(t * 4) * 0.2;

    double flameCenterX = flameCenterXBase + flameXOffset;
    double flameCenterY = flameBaseY - flameYOffset;

    for (int i = 0; i < 5; i++)
    {
        int haloWidth = i * 2 + 3;
        double haloX = flameCenterX - haloWidth / 2.0;
        double haloY = flameCenterY - i;
        var haloColor = Color.FromRgbByte(255,200,80).WithAlphaByte(128);
        ctx.DrawRectXyWh(haloX, haloY, haloWidth, 1, colorFill: haloColor);

        int flameWidth = i * 2 + 1;
        double flameX = flameCenterX - flameWidth / 2.0;
        double flameY = flameCenterY - i;
        var flameColor = i == 0
            ? Color.FromRgbByte(255,160,30)
            : i == 1
                ? Color.FromRgbByte(255,220,100)
                : Color.FromRgbByte(255,200,80);
        ctx.DrawRectXyWh(flameX, flameY, flameWidth, 1, colorFill: flameColor);
    }
};
```    [ollama] prompt_eval: 11016 tok in 2,43s, gen: 1389 tok @ 74,2 tok/s, total: 21,5s

    [askChat] OK: 1845 chars
    [impl] Retry code extracted (1831 chars from 1845 chars response)
    [10:01:57] [impl] Render attempt 2/5...
    Code saved: /Users/ronald/repos/github.pxl/pxl-clock/pixogram-maker/src/pixograms/output/issue-90/2026-04-22_10-01-57.cs
  Rendering: 2026-04-22_10-01-57.cs → 2026-04-22_10-01-57.gif
  [10:01:58] Render FAILED (exit 1)
    Render failed (attempt 2): Rendering 1200 frames (30s at 40fps, 24x24, mode=Clock)...
Compiling 2026-04-22_10-01-57.cs (app: KerzenlichtImWind)...
Error: C# compilation failed:
2026-04-22_10-01-57.cs(33,18): error CS1503: Argument "1": Konvertierung von "double" in "int" nicht möglich.
2026-04-22_10-01-57.cs(33,26): error CS1503: Argument "2": Konvertierung von "double" in "int" nicht möglich.
    [impl] Sending error feedback (attempt 2, history: 2 pairs)...
    [askChat] Backend: Ollama nemotron-cascade-2:latest (think)
    [askChat] Messages: 6, Total: 40987 chars, Timeout: 1200s
    [askChat] Creating agent...
    [askChat] Agent ready, sending messages...
    [thinking] We need to fix compile error: argument types mismatch. Likely DrawRectXyWh expects double positions and sizes? Let's check API. In PXL, DrawRectXyWh has parameters: double x, double y, double width, double height, Paint? etc. In code we call ctx.DrawRectXyWh(haloX, haloY, haloWidth, 1, ...). haloWidth and 1 are ints? haloWidth is int (haloWidth variable). But DrawRectXyWh expects double width and double height. Passing int may cause conversion errors. In PXL API, many methods accept double, but int may not be implicitly convertible because it's a different type? Actually C# allows implicit conversion from int to double (widening). However the error says argument "1": conversion from double to int not possible. Which argument is causing it? The signature might be DrawRectXyWh(double x, double y, double width, double height, ...), so the width and height are double. We pass haloWidth (int) and 1 (int). The compiler says conversion from double to int not possible, maybe because we pass double as width? Wait the arguments: (haloX, haloY, haloWidth, 1). The 4th argument is height = 1, but the method signature maybe has parameters in order: x, y, width, height, color? The 4th is height. 1 is int, but height expects double, so conversion int to double works, not double to int. The error says "Konvertierung von "double" in "int" nicht möglich", meaning converting double to int is not possible. So likely the order is (x, y, height, width?) Or maybe the method signature expects double height first? Let's check actual signature: In PXL, DrawRectXyWh likely has parameters: double x, double y, double width, double height... The 5th argument is color. So argument 4 (height) is double. Passing 1 (int) will be implicitly convertible to double (int to double widening). Should compile. The error at (33,18) and (33,26) - line numbers correspond to calls maybe for haloWidth and 1? Wait error positions: 33,18 and 33,26. At line 33 column 18 maybe haloX? At column 26 maybe haloY? Let's count earlier code: lines:

1-16 comments etc, line 17 "#:package Pxl@*"
line 18 using...
line 19 blank
line 20 var flameCenterXBase = 12.0;
line 21 var flameBaseY = 12.0;
...
line 20-30 variables, then line maybe 31 var scene = ...
line 32 var scene = (DrawingContext ctx) => { ...
Line 33: ctx.DrawRectXyWh(haloX, haloY, haloWidth, 1, colorFill: haloColor);

So column numbers: column 18 likely after ctx.DrawRectXyWh( haloX , ...). Hmm.

The error likely about argument types: maybe DrawRectXyWh expects double width, height, but we pass int haloWidth and 1. In C#, int is not implicitly convertible to double? Actually it is convertible, but only if the method expects double? Implicit conversion from int to double is allowed (widening) for numeric types, but need to check if the method is generic? However the error says conversion from double to int, not int to double. That suggests the method signature expects int for width/height, but we pass double for haloX and haloY (which are double), causing mismatch? Actually the first two args are x and y, both double (haloX, haloY). The compiler might think they are double, ok. Then the third argument width expects double? But we pass haloWidth (int) causing conversion from double to int? Wait error at (33,18) and (33,26) - both columns inside the argument list. (33,18) is maybe after haloWidth? Actually column numbers count characters.

Let's examine error details: "Argument '1': conversion from double to int not possible." Means the first argument to method is expected to be int but we gave double. The method signature maybe DrawRectXyWh(double x, double y, double width, double height...). So first argument should be double, not int. Actually conversion from double to int is error for an argument that expects int, not double. So perhaps DrawRectXyWh overload has signature where x and y are double, but width and height are int? Or maybe the overload we chose (XyWh) expects x and y double, width and height int? Let's check PXL docs: DrawRectXyWh (X and Y positions, Width and Height) maybe have double for x,y and double for width,height? I'm not sure.

Better to avoid confusion by using DrawRect (double x, double y, double width, double height) where all are double? The method exists. But we used XyWh, maybe it has parameters double x, double y, double width, double height, Paint? Actually earlier we used DrawRectXyWh with double values fine.

But error states conversion from double to int for argument 1 and 2, likely refers to the 4th and 5th arguments? Let's inspect the method overload: maybe there is a method DrawRectXy(double x1, double y1, double x2, double y2, Paint?...), and we gave XyWh but the compiler might be matching wrong overload? Hmm.

Simplify: Instead of DrawRectXyWh, use DrawRect with x, y, width, height (double). There is a method DrawRectXy that takes two corners (double x1, double y1, double x2, double y2). But we have width/height anyway. Let's use ctx.DrawRect(haloX, haloY, haloWidth, haloHeight, colorFill: haloColor); but DrawRect may have signature DrawRect(double x, double y, double width, double height, Paint? color). Might be same.

Better to use ctx.DrawRect(haloX, haloY, haloWidth, 1, haloColor) where width is double, height is double.

But the error occurs for both arguments: one is at position 18, the other at 26. Likely both width and height. We could explicitly cast to double: (double)haloWidth, (double)1.

So change ctx.DrawRectXyWh(haloX, haloY, (double)haloWidth, 1.0, ...) and similarly for flame width.

Also earlier we used DrawRectXyWh for candle (candleWidth, candleHeight) which are double, fine.

Thus fix both calls: haloWidth and 1, and flameWidth and 1.

Also the flame drawing uses same pattern: we used DrawRectXyWh(flameX, flameY, flameWidth, 1, colorFill: flameColor); Should also cast.

Let's adjust.

Also earlier we used SetPixel for smoke; that's fine.

Make sure we have correct using.

Thus corrected code:

- Change halo: ctx.DrawRectXyWh(haloX, haloY, (double)haloWidth, 1.0, colorFill: haloColor);

- Change flame: ctx.DrawRectXyWh(flameX, flameY, (double)flameWidth, 1.0, colorFill: flameColor);

Also change candle drawing: ctx.DrawRectXyWh(candleX, candleY, candleWidth, candleHeight, ...) where candleWidth and candleHeight are double, fine.

Also earlier we used ctx.SetPixel for smoke; okay.

Thus final code.

Also need to ensure we used DrawRectXyWh for flame? In earlier code we used DrawRectXyWh for flame. We'll keep.

Also we used ctx.DrawRectXyWh for candle earlier which is fine.

Thus final code block.
// ---
// app: KerzenlichtImWind
// displayName: Kerzenlicht im Wind
// author: SchlenkR
// description: Candle in the wind, flickering flame, rising smoke, dark background.
// appType: Scene
// ---

#:package Pxl@*

using Pxl.Ui.CSharp;

var flameCenterXBase = 12.0;
var flameBaseY = 12.0;
var candleX = 11.0;
var candleY = 14.0;
var candleWidth = 2.0;
var candleHeight = 6.0;
var smokeYStart = 13.0;
var smokeColor = Color.FromRgbByte(150,150,150).WithAlphaByte(180);

var scene = (DrawingContext ctx) =>
{
    ctx.DrawBackground(Colors.Black);

    // Candle body
    ctx.DrawRectXyWh(candleX, candleY, candleWidth, candleHeight,
        colorFill: Colors.Gray);

    // Smoke
    var t = ctx.Elapsed.TotalSeconds;
    var smokeX = flameCenterXBase + Math.Sin(t * 3) * 0.3;
    var smokeY = smokeYStart - t * 0.5;
    ctx.SetPixel(smokeX, smokeY, smokeColor);

    // Flame animation
    var flameXOffset = Math.Sin(t * 3) * 0.3;
    var flameYOffset = Math.Sin(t * 4) * 0.2;

    double flameCenterX = flameCenterXBase + flameXOffset;
    double flameCenterY = flameBaseY - flameYOffset;

    for (int i = 0; i < 5; i++)
    {
        int haloWidth = i * 2 + 3;
        double haloX = flameCenterX - haloWidth / 2.0;
        double haloY = flameCenterY - i;
        var haloColor = Color.FromRgbByte(255,200,80).WithAlphaByte(128);
        ctx.DrawRectXyWh(haloX, haloY, (double)haloWidth, 1.0, colorFill: haloColor);

        int flameWidth = i * 2 + 1;
        double flameX = flameCenterX - flameWidth / 2.0;
        double flameY = flameCenterY - i;
        var flameColor = i == 0
            ? Color.FromRgbByte(255,160,30)
            : i == 1
                ? Color.FromRgbByte(255,220,100)
                : Color.FromRgbByte(255,200,80);
        ctx.DrawRectXyWh(flameX, flameY, (double)flameWidth, 1.0, colorFill: flameColor);
    }
};    [ollama] prompt_eval: 11869 tok in 1,49s, gen: 2391 tok @ 73,7 tok/s, total: 34,4s

    [askChat] OK: 1851 chars
    [impl] Retry code extracted (1851 chars from 1851 chars response)
    [10:02:32] [impl] Render attempt 3/5...
    Code saved: /Users/ronald/repos/github.pxl/pxl-clock/pixogram-maker/src/pixograms/output/issue-90/2026-04-22_10-02-32.cs
  Rendering: 2026-04-22_10-02-32.cs → 2026-04-22_10-02-32.gif
  [10:02:33] Render FAILED (exit 1)
    Render failed (attempt 3): Rendering 1200 frames (30s at 40fps, 24x24, mode=Clock)...
Compiling 2026-04-22_10-02-32.cs (app: KerzenlichtImWind)...
Error: C# compilation failed:
2026-04-22_10-02-32.cs(33,18): error CS1503: Argument "1": Konvertierung von "double" in "int" nicht möglich.
2026-04-22_10-02-32.cs(33,26): error CS1503: Argument "2": Konvertierung von "double" in "int" nicht möglich.
    [impl] Sending error feedback (attempt 3, history: 3 pairs)...
    [askChat] Backend: Ollama nemotron-cascade-2:latest (think)
    [askChat] Messages: 8, Total: 43368 chars, Timeout: 1200s
    [askChat] Creating agent...
    [askChat] Agent ready, sending messages...
    [thinking] We are getting an error about converting double to int. The error points to:
2026-02-22_10-02-32.cs(33,18): error CS1503: Argument "1": Konvertierung von "double" in "int" nicht möglich.

Looking at the line 33 (which is the DrawRectXyWh call for the candle), we have:
ctx.DrawRectXyWh(candleX, candleY, candleWidth, candleHeight, ...)

candleX, candleY, candleWidth, candleHeight are all double. The DrawRectXyWh method expects:
- x, y, width, height: double

But wait, the error says: "Argument '1': Konvertierung von 'double' in 'int' nicht möglich." meaning conversion from double to int is not possible.

However, the error is pointing to the same line for both arguments? Actually, the error is on two arguments (maybe x and y? or x and width?).

But note: the error says "Argument '1': ... Argument '2': ...", so it's two of the arguments.

Looking at the signature of DrawRectXyWh in the PXL API:
ctx.DrawRectXyWh(double x, double y, double width, double height, ...)

So all four are double. Why would there be a conversion to int?

Wait, the error says "Argument '1' and '2'", but the first two arguments are x and y (both double). The next two are width and height (also double). So why is it trying to convert to int?

Unless... the DrawRectXyWh method actually has a different signature? Let me check the PXL documentation.

From the provided API reference:
ctx.DrawRectXyWh(
    double x, double y, double width, double height,
    Paint? colorFill = null, Paint? colorStroke = null,
    double strokeWidth = 1, bool isAntialias = true)

So all are double.

But note: the error is about conversion from double to int. That suggests that the method might be expecting int for some parameters? Or perhaps there's a different overloaded method?

Wait, the error message says: "Argument '1': Konvertierung von 'double' in 'int' nicht möglich." meaning conversion from double to int is not possible. So the compiler is trying to pass a double where an int is expected.

But which method is being called? It's possible that there is an overload that takes ints? However, the PXL API is designed to be double-based.

Alternatively, the problem might be that the compiler is inferring a different method because of some confusion.

Looking at the previous code: we have the candle variables as double. But the error is on the candle line (line 33). The candle line is:
ctx.DrawRectXyWh(candleX, candleY, candleWidth, candleHeight, ...);

But note: the candleX, candleY, candleWidth, candleHeight are all declared as double. So why would the compiler think they should be int?

Wait, the error says "Argument '1' and '2'", meaning the first two arguments (x and y) are the ones causing the problem. And they are double. So why?

I recall: in the previous version, we had a similar error and we fixed it by casting to double? But that doesn't make sense.

Wait, actually, the error says: "Konvertierung von 'double' in 'int' nicht möglich" -> conversion from double to int is not possible. But if the method expects double, then there should be no conversion. So why is the compiler trying to convert to int?

This is confusing. However, note that the error is in the same line as before. In the previous attempt, we had a similar error and we fixed it by casting the width and height to double in the flame loop. But that was for the flame drawing, not the candle.

Wait, the error now is on the candle line. So let's look at the candle line again.

In the current code, we have:
ctx.DrawRectXyWh(candleX, candleY, candleWidth, candleHeight, ...);

But what if the compiler is not happy because the candleWidth and candleHeight are double literals? They are declared as:
var candleWidth = 2.0;
var candleHeight = 6.0;

That should be fine.

Wait, I see: in the previous version, we had a problem in the flame loop with the DrawRectXyWh for the halo and flame, where we passed `haloWidth` and `flameWidth` as int but the method expects double. We fixed that by casting to double in the flame loop. But that was for the flame, not the candle.

But the error now is on the candle line. So maybe the candle line is the only one left? Actually, the candle line is the only DrawRectXyWh that is not in the flame loop? Or is it?

Wait, the candle line is at line 33 (in the error message). The flame loop is below. So the candle line is the first DrawRectXyWh in the scene.

But why would the candle line cause a double-to-int conversion error?

Let me check the entire code for potential issues.

Another possibility: the error might be in the parameters passed to DrawRectXyWh. The method has optional parameters. Maybe the compiler is choosing a different overload because we are not passing the correct number of arguments? But we are passing 6 arguments (x, y, width, height, and then colorFill and strokeWidth are optional).

Wait, the method signature is:
DrawRectXyWh(double x, double y, double width, double height, Paint? colorFill = null, Paint? colorStroke = null, double strokeWidth = 1, bool isAntialias = true)

We are passing:
- 4 doubles (x, y, width, height)
- then colorFill: Colors.Gray (which is a Paint, so it should be okay)
- then the default for strokeWidth (1.0) and isAntialias (true)

But note: the error says "Argument '1' and '2'", meaning the first two arguments. So it's trying to convert candleX and candleY from double to int? That doesn't make sense.

Unless... the compiler is not happy because we are using a method that expects int for the first two parameters? But that's not what the API says.

Wait, I suspect: the PXL API might have been updated and there might be an overload that takes int? But the documentation says double.

Alternatively, the problem might be that the candleX, candleY, etc. are defined as double, but the compiler is confused because we are in a context that expects something else?

Wait, I think I see the issue: the error message says "Argument '1' and '2'", but the method has 8 parameters. It might be that the compiler is trying to convert the entire argument list? Or it's a red herring.

But note: the error is two errors, both for conversion from double to int, and both pointing to the same line (33,18) and (33,26). The line number (33) is the candle drawing line. The two arguments are at positions 1 and 2? But in the method call, the first two arguments are x and y (positions 1 and 2). So it's trying to convert candleX and candleY to int? Why?

I recall: in the PXL API, there is a method DrawRectXy that takes two corners (x1, y1, x2, y2) and it might have a signature that uses int for some parameters? But the method we are using is DrawRectXyWh.

Wait, let's look at the other overloaded method: DrawRectXy
ctx.DrawRectXy(
    double x1, double y1, double x2, double y2,
    Paint? colorFill = null, Paint? colorStroke = null,
    double strokeWidth = 1, bool isAntialias = true)

That one also uses double.

So why the conversion to int?

I think the problem might be that the compiler is not able to resolve the method because of some other issue, and it's defaulting to a method that takes int? But that seems unlikely.

Another idea: the error might be in the candleWidth and candleHeight because they are double literals, and the compiler is confused? But that doesn't make sense.

Wait, I notice: in the candle line, we are using the variable `candleWidth` and `candleHeight` which are double. But the error says it's trying to convert double to int. So maybe the method we are calling actually expects int for width and height? But that contradicts the documentation.

Alternatively, the problem might be that the candleWidth and candleHeight are defined as double, but the compiler is inferring a different type because of the way we initialize them? But 2.0 and 6.0 are double literals.

Wait, the error message is in German: "Konvertierung von 'double' in 'int' nicht möglich." meaning "Conversion from double to int is not possible."

So the compiler is trying to convert a double to an int and it's failing because it can't do it automatically? But we are passing a double to a parameter that expects an int? Then we should cast.

But which parameter expects an int? The method DrawRectXyWh has parameters: (double x, double y, double width, double height, ...). So all should be double.

Unless... the compiler is not seeing the method we think it is. It might be picking a different method because of the context.

Wait, the PXL API might have multiple overloaded methods for DrawRectXyWh? For example, one that takes ints and one that takes doubles? But the documentation only shows one.

Given the error, and the fact that we have seen similar errors before, I suspect that the candle line is the only one that is problematic. And the error is about converting double to int for the first two arguments (x and y). But why would x and y be converted to int? They are double.

Wait, I think I found the issue: the candleX and candleY are declared as double, but in the code we have:
var candleX = 11.0;
var candleY = 14.0;

That's fine. But what if the compiler is confused because the candle drawing is using a method that is not the one we think? Let me check the entire code for any syntax error that might cause the compiler to misinterpret.

Wait, there's a more straightforward possibility: the error might be in the flame loop, but the error message is pointing to the candle line? But the error message says line 33, and the candle line is at line 33. The flame loop starts at line 44? So line 33 is the candle.

Wait, the error says: "2026-02-22_10-02-32.cs(33,18): ..." so line 33, column 18. Let's count the lines in the current code.

But we don't have line numbers. However, the candle drawing is the first drawing after the background and candle body. In the current code, the candle drawing is:

    // Candle body
    ctx.DrawRectXyWh(candleX, candleY, candleWidth, candleHeight,
        colorFill: Colors.Gray);

This is likely at line 33. So the error is on this line.

But why would it say conversion from double to int? Unless the method DrawRectXyWh has a different signature in the actual compiled version? That's unlikely.

Another idea: the error might be because we are using a variable that is not a double? But we are using double.

Wait, I see: in the flame loop, we have a similar issue and we fixed it by casting. But for the candle, we didn't. However, the candle variables are double, so it should be fine.

But what if the compiler is complaining about the candleWidth and candleHeight because they are double, but the method expects an int? That would be the case for the flame drawing in the previous fix. But in this case, the candle drawing is using candleWidth and candleHeight which are double, and the method expects double, so it should be fine.

Wait, the error is specifically about "Argument '1' and '2'", which are the first two arguments (x and y). So it's trying to convert candleX and candleY from double to int? Why would it do that?

I think there might be a bug in the PXL analyzer, but we have to work around it.

Given that we've fixed similar issues in the flame loop by casting to double, and now the candle is causing the same error, but for x and y (which are also double), we can try to cast them to double? But they are already double.

Alternatively, we can change the candleX and candleY to be int? But that would break because the method expects double.

But wait: the method expects double, so we must pass double. So casting to double is redundant.

However, in the error, the compiler is trying to convert double to int. So it must be that for some reason, the compiler thinks the method expects int for the first two parameters.

This might be because there is an overload of DrawRectXy that takes int for the two corners? But we are using DrawRectXyWh, which takes width and height.

I recall: there is also a method DrawRectXy that takes four doubles (for two corners). And there is a method that takes four ints? I don't think so.

Given the time, and since we've seen this error before in the flame loop, and the fix was to cast the int variables to double in the DrawRectXyWh call, let's try to cast the candleX and candleY to double? But they are already double.

Wait, what if we change the candle drawing to use explicit doubles by writing 11.0, 14.0, 2.0, 6.0 instead of variables? Then the compiler would see the literals as double and not have to convert from a variable.

But that would be a workaround. However, the error is on the variable, so it might not work.

Alternatively, we can cast the variables to double in the method call:

ctx.DrawRectXyWh((double)candleX, (double)candleY, (double)candleWidth, (double)candleHeight, ...);

But that should be unnecessary, and the compiler might not like it because candleX is already double.

But let's try it. And also, for the flame loop, we already cast the width and height to double (which they are, but the compiler was complaining because we were passing an int variable to a double parameter? In the flame loop, we had:

ctx.DrawRectXyWh(haloX, haloY, haloWidth, 1, ...)

where haloWidth is an int, and 1 is an int. But the method expects double for width and height. So we fixed it by casting: (double)haloWidth and 1.0.

So for the candle, we have:

ctx.DrawRectXyWh(candleX, candleY, candleWidth, candleHeight, ...)

candleWidth and candleHeight are double, so they should be fine. But candleX and candleY are also double, so why the error?

Unless the compiler is confused because we are passing a variable of type double to a parameter that is double, but for some reason it's trying to convert to int? That doesn't make sense.

I think there might be a typo in the method name or parameters in the code. But the code compiles in the flame loop after we cast.

Another possibility: the candle drawing is using a different method because of the order of parameters. Let's look at the method we are calling: DrawRectXyWh.

But the candle drawing uses DrawRectXyWh with 4 doubles and then colorFill. That should be fine.

Wait, I notice: in the candle drawing, we are passing colorFill: Colors.Gray. Colors.Gray is a Paint, but it might be that the compiler is confused about the overload because we are not providing the strokeWidth and isAntialias, and there is another method that takes different parameters? But that seems unlikely.

Given the error, and to be safe, we will cast all the candle drawing parameters to double explicitly. Even though they are double, it might help the compiler.

But note: the error is about converting double to int. So the compiler is trying to convert a double to an int. That suggests that for one of the parameters, it expects an int. But which one?

The error says argument 1 and 2, which are x and y. So it's trying to convert candleX and candleY to int. Why? Unless the method DrawRectXyWh has a signature that takes int for x and y? That would be a bug in the PXL library, but we have to work around it.

So we change the candle drawing to:

    ctx.DrawRectXyWh(
        (double)candleX, 
        (double)candleY, 
        (double)candleWidth, 
        (double)candleHeight, 
        colorFill: Colors.Gray);

But since candleX is already double, the cast is redundant. However, it forces the compiler to think of it as double for the method call.

Alternatively, we can change the type of candleX and candleY to double by making sure they are declared as double. They are, so it should be fine.

Wait, the error says "Konvertierung von 'double' in 'int'", meaning it's trying to convert from double to int. So the compiler thinks one of the parameters is int, but we are giving it a double. That doesn't make sense because we are giving it a double. Unless the method is defined as taking int for x and y.

Given the constraints, and since we've seen this error before in the flame loop for the width and height, we will do the same fix for the candle: cast the width and height to double in the flame loop, and also cast the x and y for the candle.

But for the candle, we don't have an int variable for x and y. They are double.

However, the error is for the candle, so let's focus on the candle.

I suspect the problem is not with the candle but with the flame loop, and the error message is misleading. But the error says line 33, which is the candle line.

Wait, the error message says: "Error: C# compilation failed: ... 2026-02-22_10-02-32.cs(33,18): ... (33,26): ..."

So two errors on line 33, at columns 18 and 26. The candle drawing call is at line 33, and the two errors are for the first two arguments (x and y) at positions 18 and 26.

This suggests that the compiler is trying to convert the first two arguments (candleX and candleY) from double to int, which fails because they are double and it can't convert.

But why would it try to convert? It must be that the method we are calling has a different signature.

After re-examining the PXL API documentation, I recall that there is a method DrawRectXy that takes two points, and it might have a signature that uses int for the coordinates in some versions? But I think not.

Given the time, and to resolve the error, we will change the candle drawing to use explicit double literals for the candle's position and size. This will force the compiler to see the literals as double and not try to convert a variable.

So instead of:

    var candleX = 11.0;
    var candleY = 14.0;
    var candleWidth = 2.0;
    var candleHeight = 6.0;
    ctx.DrawRectXyWh(candleX, candleY, candleWidth, candleHeight, ...);

We will do:

    ctx.DrawRectXyWh(
        11.0,
        14.0,
        2.0,
        6.0,
        colorFill: Colors.Gray);

This way, the compiler sees the numbers as double literals and won't be confused by the variable type.

Let's try that.

Also, for the flame loop, we have the same issue with the width and height, which we fixed by casting. But in the current code, we already did that.

So the corrected code for the candle part will be:

    // Candle body
    ctx.DrawRectXyWh(
        11.0,
        14.0,
        2.0,
        6.0,
        colorFill: Colors.Gray);

And remove the candleX, candleY, candleWidth, candleHeight variables if they are not used elsewhere? But they are used in the smoke calculation.

So we cannot remove them. We will keep them and use them for the smoke, but for the candle drawing, we will use literals.

Alternatively, we can cast in the method call:

    ctx.DrawRectXyWh((double)candleX, (double)candleY, (double)candleWidth, (double)candleHeight, ...);

This is safe and will work.

Given that the error is for the candle, and we want to be explicit, we'll do the cast.

Let's write the code accordingly.

We'll change the candle drawing to:

    ctx.DrawRectXyWh(
        (double)candleX, 
        (double)candleY, 
        (double)candleWidth, 
        (double)candleHeight, 
        colorFill: Colors.Gray);

But note: candleX is already double, so (double)candleX is the same as candleX. But it might help the compiler.

However, the error says it's trying to convert double to int, so by casting to double, we are saying "here is a double", so the compiler won't try to convert to int.

Actually, the cast is redundant, but it might help the compiler to see the type explicitly.

Alternatively, we can change the variable type to double and hope the compiler is happy. But it is already double.

Given the history, I think the problem is in the flame loop for the width and height, and the error message is pointing to the candle because the compiler reports errors in order and the flame loop is after the candle, so it reports the first error it finds.

But the error is on line 33, which is the candle. So it must be the candle.

Let's output the code with the candle drawing using explicit cast for x and y.

Also, for the flame loop, we already cast width and height to double, but for the halo and flame, we have:

        ctx.DrawRectXyWh(haloX, haloY, (double)haloWidth, 1.0, ...);

This should be fine.

So the corrected code for the candle line will be:

    ctx.DrawRectXyWh(
        (double)candleX, 
        (double)candleY, 
        (double)candleWidth, 
        (double)candleHeight, 
        colorFill: Colors.Gray);

But wait, the candle drawing line in the current code is:

    ctx.DrawRectXyWh(candleX, candleY, candleWidth, candleHeight,
        colorFill: Colors.Gray);

We will change it to:

    ctx.DrawRectXyWh(
        candleX, 
        candleY, 
        candleWidth, 
        candleHeight,
        colorFill: Colors.Gray);

That is the same. So why would it work?

Alternatively, we can change the variables to be int? But then the smoke calculation uses them as double.

No, the smoke uses them as double (candleX and candleY are used in the smokeX calculation: flameCenterXBase + Math.Sin(t * 3) * 0.3, and the candleY is not used in smoke, but candleX is used.

Actually, in the smoke calculation, we use flameCenterXBase and flameBaseY, not candleX and candleY.

The candleX and candleY are only used for the candle drawing.

So we can change the candle drawing to use literals for x and y, but keep the variables for the flame? But the flame doesn't use candleX and candleY.

Wait, in the current code, the candle drawing is separate from the flame. The flame is drawn at flameCenterXBase (12.0), which is different from candleX (11.0).

So the candleX and candleY are only for the candle.

We can change the candle drawing to use literals, but we would have to change the code to use 11.0, 14.0, 2.0, 6.0.

Let's do that to avoid the variable type confusion.

So:

    // Candle body
    ctx.DrawRectXyWh(
        11.0,
        14.0,
        2.0,
        6.0,
        colorFill: Colors.Gray);

And we will not use candleX, candleY, candleWidth, candleHeight for the candle drawing. But we still need them for the smoke? No, the smoke uses flameCenterXBase and flameBaseY, which are 12.0 and 12.0.

So the candleX and candleY variables are only for the candle drawing and are not used elsewhere? In the current code, they are not used elsewhere. So we can remove them.

But in the smoke part, we don't use them. So we can remove the candleX, candleY, candleWidth, candleHeight variables and hardcode the candle drawing.

But wait, the smoke part uses flameCenterXBase = 12.0, which is the center of the flame, not the candle. The candle is at 11.0, but the flame center is at 12.0.

So the candle variables are not used in the smoke or flame. They are only for the candle drawing.

Therefore, we can hardcode the candle drawing.

Let's do that.

We'll remove the candleX, candleY, candleWidth, candleHeight variables and hardcode the candle drawing.

But then the candle drawing will be fixed at 11.0, 14.0, 2.0, 6.0.

This should resolve the error because we are not passing any variables that might be confused by the compiler.

So the corrected code will be:

// ---
// app: KerzenlichtImWind
// displayName: Kerzenlicht im Wind
// author: SchlenkR
// description: Candle in the wind, flickering flame, rising smoke, dark background.
// appType: Scene
// ---

#:package Pxl@*

using Pxl.Ui.CSharp;

var flameCenterXBase = 12.0;
var flameBaseY = 12.0;
var smokeYStart = 13.0;
var smokeColor = Color.FromRgbByte(150,150,150).WithAlphaByte(180);

var scene = (DrawingContext ctx) =>
{
    ctx.DrawBackground(Colors.Black);

    // Candle body (hardcoded)
    ctx.DrawRectXyWh(
        11.0,
        14.0,
        2.0,
        6.0,
        colorFill: Colors.Gray);

    // Smoke
    var t = ctx.Elapsed.TotalSeconds;
    var smokeX = flameCenterXBase + Math.Sin(t * 3) * 0.3;
    var smokeY = smokeYStart - t * 0.5;
    ctx.SetPixel(smokeX, smokeY, smokeColor);

    // Flame animation
    var flameXOffset = Math.Sin(t * 3) * 0.3;
    var flameYOffset = Math.Sin(t * 4) * 0.2;

    double flameCenterX = flameCenterXBase + flameXOffset;
    double flameCenterY = flameBaseY - flameYOffset;

    for (int i = 0; i< 5; i++)
    {
        int haloWidth = i * 2 + 3;
        double haloX = flameCenterX - haloWidth / 2.0;
        double haloY = flameCenterY - i;
        var haloColor = Color.FromRgbByte(255,200,80).WithAlphaByte(128);
        ctx.DrawRectXyWh(haloX, haloY, (double)haloWidth, 1.0, colorFill: haloColor);

        int flameWidth = i * 2 + 1;
        double flameX = flameCenterX - flameWidth / 2.0;
        double flameY = flameCenterY - i;
        var flameColor = i == 0
            ? Color.FromRgbByte(255,160,30)
            : i == 1
                ? Color.FromRgbByte(255,220,100)
                : Color.FromRgbByte(255,200,80);
        ctx.DrawRectXyWh(flameX, flameY, (double)flameWidth, 1.0, colorFill: flameColor);
    }
};

This should fix the error because we are no longer passing the candle variables (which might have caused the type confusion) and we are using literals for the candle drawing.

Also, for the flame loop, we have already cast the width to double (by (double)haloWidth and (double)flameWidth) and the height is 1.0 (a double).

Let's hope this compiles.

Note: We removed the candle variables because they were not used elsewhere. If they are used elsewhere in the future, we would have to adjust.

But in the current code, they are only used in the candle drawing, and we are hardcoding the candle drawing.

This should resolve the double-to-int conversion error for the candle.
// ---
// app: KerzenlichtImWind
// displayName: Kerzenlicht im Wind
// author: SchlenkR
// description: Candle in the wind, flickering flame, rising smoke, dark background.
// appType: Scene
// ---

#:package Pxl@*

using Pxl.Ui.CSharp;

var flameCenterXBase = 12.0;
var flameBaseY = 12.0;
var smokeYStart = 13.0;
var smokeColor = Color.FromRgbByte(150,150,150).WithAlphaByte(180);

var scene = (DrawingContext ctx) =>
{
    ctx.DrawBackground(Colors.Black);

    // Candle body (hardcoded literals to avoid double conversion issues)
    ctx.DrawRectXyWh(
        11.0, 14.0, 2.0, 6.0,
        colorFill: Colors.Gray);

    // Smoke
    var t = ctx.Elapsed.TotalSeconds;
    var smokeX = flameCenterXBase + Math.Sin(t * 3) * 0.3;
    var smokeY = smokeYStart - t * 0.5;
    ctx.SetPixel(smokeX, smokeY, smokeColor);

    // Flame animation
    var flameXOffset = Math.Sin(t * 3) * 0.3;
    var flameYOffset = Math.Sin(t * 4) * 0.2;

    double flameCenterX = flameCenterXBase + flameXOffset;
    double flameCenterY = flameBaseY - flameYOffset;

    for (int i = 0; i < 5; i++)
    {
        int haloWidth = i * 2 + 3;
        double haloX = flameCenterX - haloWidth / 2.0;
        double haloY = flameCenterY - i;
        var haloColor = Color.FromRgbByte(255,200,80).WithAlphaByte(128);
        ctx.DrawRectXyWh(haloX, haloY, (double)haloWidth, 1.0, colorFill: haloColor);

        int flameWidth = i * 2 + 1;
        double flameX = flameCenterX - flameWidth / 2.0;
        double flameY = flameCenterY - i;
        var flameColor = i == 0
            ? Color.FromRgbByte(255,160,30)
            : i == 1
                ? Color.FromRgbByte(255,220,100)
                : Color.FromRgbByte(255,200,80);
        ctx.DrawRectXyWh(flameX, flameY, (double)flameWidth, 1.0, colorFill: flameColor);
    }
};    [ollama] prompt_eval: 12734 tok in 2,42s, gen: 7138 tok @ 72,8 tok/s, total: 101,5s

    [askChat] OK: 1805 chars
    [impl] Retry code extracted (1805 chars from 1805 chars response)
    [10:04:15] [impl] Render attempt 4/5...
    Code saved: /Users/ronald/repos/github.pxl/pxl-clock/pixogram-maker/src/pixograms/output/issue-90/2026-04-22_10-04-15.cs
  Rendering: 2026-04-22_10-04-15.cs → 2026-04-22_10-04-15.gif
  [10:04:15] Render FAILED (exit 1)
    Render failed (attempt 4): Rendering 1200 frames (30s at 40fps, 24x24, mode=Clock)...
Compiling 2026-04-22_10-04-15.cs (app: KerzenlichtImWind)...
Error: C# compilation failed:
2026-04-22_10-04-15.cs(30,18): error CS1503: Argument "1": Konvertierung von "double" in "int" nicht möglich.
2026-04-22_10-04-15.cs(30,26): error CS1503: Argument "2": Konvertierung von "double" in "int" nicht möglich.
    [impl] Sending error feedback (attempt 4, history: 4 pairs)...
    [askChat] Backend: Ollama nemotron-cascade-2:latest (think)
    [askChat] Messages: 10, Total: 45703 chars, Timeout: 1200s
    [askChat] Creating agent...
    [askChat] Agent ready, sending messages...
    [thinking] We are getting an error about converting double to int for arguments at positions 1 and 2 in ctx.DrawRectXyWh.
 Looking at the method signature: 
   ctx.DrawRectXyWh(double x, double y, double width, double height, ...)

 The error says we are passing a double where an int is expected? But the method expects doubles.

 However, note that the error message says:
   Argument "1": conversion from "double" to "int" not possible.

 This suggests that the method signature might have changed? Or perhaps there is a different overload.

 But the error is in the call at line 30 (and 30,26). In the previous code, we had:

   ctx.DrawRectXyWh(haloX, haloY, (double)haloWidth, 1.0, ...);

 The error is on the third and fourth arguments? Actually the error says arguments 1 and 2, but in C# method parameters are 0-indexed.

 However, the error message might be 1-indexed? Let me see the line:

   ctx.DrawRectXyWh(haloX, haloY, (double)haloWidth, 1.0, ...)

 The parameters are:
   x = haloX (double)
   y = haloY (double)
   width = (double)haloWidth -> but haloWidth is an int, so we are casting to double -> this should be fine.
   height = 1.0 (double)

 The error is at the call site for the DrawRectXyWh method? The error says argument 1 and 2 (which might be the first and second parameters? but note: the first two are x and y, which are doubles and we are passing doubles).

 Wait, the error says:

   2026-02-22_10-04-15.cs(30,18): error CS1503: Argument "1": Konvertierung von "double" in "int" nicht möglich.
   2026-02-22_10-04-15.cs(30,26): error CS1503: Argument "2": Konvertierung von "double" in "int" nicht möglich.

 So the compiler is seeing that the first two arguments (index 1 and 2 in 1-indexed) are expected to be integers? But the method is defined for doubles.

 This suggests that the method signature might have changed? Or perhaps there is an overload that takes integers and the compiler is picking the wrong one?

 However, the Pxl.Ui.CSharp API for DrawRectXyWh is:

   void DrawRectXyWh(double x, double y, double width, double height, Paint? colorFill = null, Paint? colorStroke = null, double strokeWidth = 1, bool isAntialias = true)

 So it expects doubles.

 How can we get a conversion error from double to int? It might be that in the call, we are passing an int where the method expects a double? But we are passing doubles.

 Wait, look at the line numbers: the error is on line 30, which in our code is:

   ctx.DrawRectXyWh(haloX, haloY, (double)haloWidth, 1.0, ...);

 The problem might be that the method is not the one we think? Or perhaps the compiler is confused by the overload.

 But note: the error says "Konvertierung von 'double' in 'int'", meaning we are trying to convert a double to an int? How?

 Another possibility: the method DrawRectXyWh might have a different signature in the version of the library we are using? But the documentation says it's double.

 However, note that the error is in the arguments 1 and 2 (1-indexed). So the first two parameters of the method (which are x and y) are doubles, but the compiler thinks they should be ints? That doesn't make sense.

 Alternatively, the problem might be that we are passing a double that cannot be represented as an int? But the error says "Konvertierung von 'double' in 'int'", meaning the compiler is trying to convert a double to an int and failing? But we are not doing that explicitly.

 Wait, I see: in the previous code, we had:

   var smokeX = flameCenterXBase + Math.Sin(t * 3) * 0.3;
   var smokeY = smokeYStart - t * 0.5;
   ctx.SetPixel(smokeX, smokeY, smokeColor);

 And SetPixel also takes double for x and y. So why would that cause an error?

 But the error is on the DrawRectXyWh call.

 Let me check the line numbers again. In the last code we output, the DrawRectXyWh call that caused the error was:

   ctx.DrawRectXyWh(haloX, haloY, (double)haloWidth, 1.0, ...);

 But note: the error says the problem is at line 30, which in the last code we output was the call for the candle body:

   ctx.DrawRectXyWh(11.0, 14.0, 2.0, 6.0, ...);

 That call has:

   11.0 (double), 14.0 (double), 2.0 (double), 6.0 (double)

 So why would it say "Argument '1' and '2' cannot convert double to int"?

 Unless the method signature is not what we think.

 After re-examining the Pxl.Ui.CSharp documentation, I recall that there are multiple overloads for drawing rectangles. The method we are using is the one that takes (x, y, width, height) as doubles. But there is also an overload that takes two points (x1, y1, x2, y2) which are doubles.

 However, the error is about converting double to int. It might be that the compiler is matching to a different method that expects ints? But we don't have such a method.

 Another idea: the error might be in the SetPixel call? But the error is on line 30, and in our code the candle body call is at line 30? Let me count the lines.

 In the last code we output, the candle body call is at:

   ctx.DrawRectXyWh(11.0, 14.0, 2.0, 6.0, ...);

 But the error says line 30, and that call is at line 30? Actually, the code we output has:

   // Candle body (hardcoded literals to avoid double conversion issues)
   ctx.DrawRectXyWh(
        11.0, 14.0, 2.0, 6.0,
        colorFill: Colors.Gray);

 That is multiple lines. But the error says line 30, which might be the line of the first argument? Actually, the error might be at the first argument? But we are passing 11.0.

 Wait, the error says "Argument '1'", which in C# compiler error messages is usually the first argument (index 0 in 0-indexed, but the message says 1). The error might be on the first argument of the method call.

 How can 11.0 be a problem? It is a double.

 Unless the method we are calling is not the one we think. But the compiler should be able to find the method.

 I notice that the error message says "Konvertierung von 'double' in 'int'", meaning it is trying to convert a double to an int and failing. This usually happens when a method expects an int but we pass a double. But we are passing a double to a double parameter.

 However, there is a known issue in C# with overloads: if there are multiple overloads and the compiler picks the wrong one, it might cause a conversion error.

 But in the Pxl.Ui.CSharp, the method DrawRectXyWh is defined for doubles. There is no method for ints? Actually, the library might have an implicit conversion? No.

 Another possibility: the method DrawRectXyWh might be defined as:

   void DrawRectXyWh(int x, int y, int width, int height, ...)

 But the documentation says double.

 Let me check the actual API source? We don't have it, but we must trust the documentation.

 Given the error, it seems the compiler is interpreting the method as taking ints. How can that happen?

 One possibility: the Pxl.Ui.CSharp assembly has been updated and the method signature changed? But the error is about double to int, so if the method now takes int, then we are passing double and it fails.

 But the documentation says double.

 Alternatively, the error might be in the SetPixel call? But the error is on line 30, and in our code, the candle body call is at line 30? And the candle body call is the one that has the double to int error? But why?

 Wait, the error says "Argument '1' and '2'", which are the second and third parameters? The method parameters:

   x (param 1), y (param 2), width (param 3), height (param 4)

 So if the error is on argument 1 and 2 (in the error message, 1 and 2), that might be the width and height? But the error says "Argument '1': ...", which might be the first argument? Actually, in C# compiler errors, the argument numbers are 1-indexed. So:

   "Argument 1" -> the first argument (x)
   "Argument 2" -> the second argument (y)

 But we are passing doubles for x and y, so that should be fine.

 However, if the method actually expects int for x and y, then we would get this error.

 So the problem is: the DrawRectXyWh method we are using expects int for x, y, width, height? But the documentation says double.

 But note: the error is in the candle body call, which we changed to:

   ctx.DrawRectXyWh(11.0, 14.0, 2.0, 6.0, ...);

 And the error says it cannot convert 11.0 (double) to int.

 Therefore, the method signature in the version of the library we are using must be for integers.

 How do we know? The error message says exactly that.

 So we must change the candle body call to use integers? But the method is called with doubles, and the library might have changed.

 However, the error is consistent: we are passing doubles and the method expects ints.

 Therefore, we should change the candle body call to use integer literals.

 But note: the method signature might be overloaded. There is an overload for integers and one for doubles? And the compiler is picking the integer one.

 How to fix: use integer literals (without .0) for the candle body.

 So instead of:

   11.0, 14.0, 2.0, 6.0

 we should write:

   11, 14, 2, 6

 And for the flame drawing, we are using:

   ctx.DrawRectXyWh(haloX, haloY, (double)haloWidth, 1.0, ...);

 But note: the error is on the candle body, not the flame.

 So let's change the candle body to integer literals.

 Also, note that the flame drawing might have the same issue? But the error is only reported for the candle body.

 However, to be safe, we should change all DrawRectXyWh calls to use integers for x, y, width, height? But the method might be designed for doubles, and we are using doubles for the flame. But the error is only for the candle body.

 But the error message says the candle body call (line 30) has the problem.

 Therefore, we change the candle body to integer literals.

 Additionally, note that the flame drawing uses:

   ctx.DrawRectXyWh(haloX, haloY, (double)haloWidth, 1.0, ...);

 Here, haloX and haloY are double, and (double)haloWidth is double (but haloWidth is int, so we cast to double). The height is 1.0 (double). So if the method expects ints, this will fail too.

 However, the error is only reported for the candle body. So maybe the candle body is the only one that is being compiled and the error is in that call? But the error message says "line 30", which is the candle body.

 But the problem might be that the candle body call is the first one the compiler sees, and it fails, so it stops there.

 So we fix the candle body to use integer literals.

 Let's rewrite the candle body:

   ctx.DrawRectXyWh(11, 14, 2, 6, colorFill: Colors.Gray);

 Now, note: the method might have two overloads: one for int and one for double. By passing integers, we are matching the int overload, which might be the one that exists.

 But the documentation says the method takes doubles. However, if the library has both, the compiler might choose the int one for integer arguments and double for double arguments.

 So by using integer literals, we force the method to be called with int, which might be what the compiler expects.

 Alternatively, the method might be defined as:

   void DrawRectXyWh(int x, int y, int width, int height, ...)

 and also

   void DrawRectXyWh(double x, double y, double width, double height, ...)

 But the compiler might be preferring the int version when we pass integers.

 However, the error says it cannot convert double to int, so if we pass double, it would fail. But we are now passing integers.

 So let's change the candle body to integer literals.

 Also, note that the smoke call:

   var smokeX = flameCenterXBase + Math.Sin(t * 3) * 0.3;
   var smokeY = smokeYStart - t * 0.5;
   ctx.SetPixel(smokeX, smokeY, smokeColor);

 This uses SetPixel which takes double for x and y. And the error is not about that.

 So we change the candle body to integer literals.

 Now, for the flame drawing, we are passing double for x and y, and double for width and height (via cast). If the method also has an int overload, the compiler might still choose the double one because we are passing doubles. But if the int overload is there and the double one is not, then we have a problem.

 However, the error is only on the candle body. So we fix the candle body and hope the flame drawing works.

 Alternatively, to be safe, we should change the flame drawing to use integer literals? But the flame drawing uses variables (haloX, haloY, etc.) which are doubles.

 We cannot change those to integers without breaking the animation.

 But note: the error is only for the candle body. So we fix the candle body and leave the flame drawing as double.

 However, the error might also occur in the flame drawing if the method expects int. But the error message didn't show that.

 So we output the code with the candle body using integer literals.

 Also, note that the error might be because the candle body call is the first DrawRectXyWh call and the compiler is still checking it.

 Let's write the code:

   // Candle body (using integer literals to match expected int parameters)
   ctx.DrawRectXyWh(11, 14, 2, 6, colorFill: Colors.Gray);

 But wait, the method might have a strokeWidth and antialias, but we are not specifying, so it uses defaults.

 Now, for the flame drawing, we have:

   ctx.DrawRectXyWh(haloX, haloY, (double)haloWidth, 1.0, ...);

 Here, (double)haloWidth is redundant because haloWidth is int and we are passing it as double. But the method expects double, so it's fine.

 However, the compiler might not like the cast? But the error is not about that.

 Alternatively, we can change it to:

   ctx.DrawRectXyWh(haloX, haloY, haloWidth, 1.0, ...);

 But then haloWidth is int and the method expects double? Then we would get the same error.

 So we must cast to double. But the error says we are passing double and it expects int? So if the method expects int, we should not cast to double.

 But we don't know.

 Given the error is only on the candle body, and we are changing that to integer, we hope the flame drawing uses the double version.

 But note: the error message for the candle body said it cannot convert double to int, meaning the method it chose expects int. So for the flame drawing, if the method also has an int overload, the compiler might choose it and then fail because we are passing double.

 How to avoid? We can change the flame drawing to use integer literals? But we can't because the values are doubles.

 Alternatively, we can change the flame drawing to use the method that takes double. But we are already using double.

 Wait, the error might be because the method is defined for int, and we are passing double. So for the flame drawing, we should not cast to double? But we are casting to double, which would be wrong if the method expects int.

 But we don't know the method signature.

 After re-examining the error: the candle body call (with double literals) failed because the method expects int. So the method must be defined for int. Therefore, for the flame drawing, we should use integer values? But we don't have integer values for the flame drawing.

 How about we use the integer version for the flame drawing? We can round the values to integers? But that would make the flame look pixelated.

 Alternatively, we can change the candle body to use double literals and hope the method has a double version? But the error says it fails.

 Another possibility: the method DrawRectXyWh might have a third parameter named 'width' and a fourth named 'height', and the error is on the third and fourth parameters? The error says "Argument '1' and '2'", which might be the first and second? But in C# compiler error, it's 1-indexed.

 I think the best course is to change the candle body to integer literals, and for the flame drawing, we change the width and height to be double by using .0, but without casting from int.

 Specifically, change:

   ctx.DrawRectXyWh(haloX, haloY, (double)haloWidth, 1.0, ...);

 to:

   ctx.DrawRectXyWh(haloX, haloY, haloWidth * 1.0, 1.0, ...);

 But haloWidth is int, so haloWidth * 1.0 is double.

 Alternatively, we can write:

   ctx.DrawRectXyWh(haloX, haloY, (double)haloWidth, 1.0, ...);

 But the error might be that the compiler is interpreting haloWidth as int and then the cast to double is fine, but the method expects int? Then it would fail.

 Given the complexity, and since the error is only on the candle body, we will fix the candle body and leave the flame drawing as is.

 But the error might reappear in the flame drawing.

 However, the error message only reported the candle body. So we fix the candle body.

 Let's change the candle body to integer literals.

 Also, note that the candle body call has two lines: the first two lines of arguments. We can write:

   ctx.DrawRectXyWh(11, 14, 2, 6, colorFill: Colors.Gray);

 Now, the flame drawing might still have the same issue, but we hope the method has a double version and the compiler picks it for the flame drawing because we are passing doubles.

 But the error we got was for the candle body, so we fix that.

 We'll output the code with the candle body using integer literals.

 Also, note that the smoke color is set with SetPixel, which takes double, and that is fine.

 So the final code:
// ---
// app: KerzenlichtImWind
// displayName: Kerzenlicht im Wind
// author: SchlenkR
// description: Candle in the wind, flickering flame, rising smoke, dark background.
// appType: Scene
// ---

#:package Pxl@*

using Pxl.Ui.CSharp;

var flameCenterXBase = 12.0;
var flameBaseY = 12.0;
var smokeYStart = 13.0;
var smokeColor = Color.FromRgbByte(150,150,150).WithAlphaByte(180);

var scene = (DrawingContext ctx) =>
{
    ctx.DrawBackground(Colors.Black);

    // Candle body (using integer literals to match method signature)
    ctx.DrawRectXyWh(
        11, 14, 2, 6,
        colorFill: Colors.Gray);

    // Smoke
    var t = ctx.Elapsed.TotalSeconds;
    var smokeX = flameCenterXBase + Math.Sin(t * 3) * 0.3;
    var smokeY = smokeYStart - t * 0.5;
    ctx.SetPixel(smokeX, smokeY, smokeColor);

    // Flame animation
    var flameXOffset = Math.Sin(t * 3) * 0.3;
    var flameYOffset = Math.Sin(t * 4) * 0.2;

    double flameCenterX = flameCenterXBase + flameXOffset;
    double flameCenterY = flameBaseY - flameYOffset;

    for (int i = 0; i < 5; i++)
    {
        int haloWidth = i * 2 + 3;
        double haloX = flameCenterX - haloWidth / 2.0;
        double haloY = flameCenterY - i;
        var haloColor = Color.FromRgbByte(255,200,80).WithAlphaByte(128);
        ctx.DrawRectXyWh(haloX, haloY, (double)haloWidth, 1.0, colorFill: haloColor);

        int flameWidth = i * 2 + 1;
        double flameX = flameCenterX - flameWidth / 2.0;
        double flameY = flameCenterY - i;
        var flameColor = i == 0
            ? Color.FromRgbByte(255,160,30)
            : i == 1
                ? Color.FromRgbByte(255,220,100)
                : Color.FromRgbByte(255,200,80);
        ctx.DrawRectXyWh(flameX, flameY, (double)flameWidth, 1.0, colorFill: flameColor);
    }
};    [ollama] prompt_eval: 13583 tok in 3,38s, gen: 5013 tok @ 72,8 tok/s, total: 73,0s

    [askChat] OK: 1793 chars
    [impl] Retry code extracted (1793 chars from 1793 chars response)
    [10:05:28] [impl] Render attempt 5/5...
    Code saved: /Users/ronald/repos/github.pxl/pxl-clock/pixogram-maker/src/pixograms/output/issue-90/2026-04-22_10-05-28.cs
  Rendering: 2026-04-22_10-05-28.cs → 2026-04-22_10-05-28.gif
  [10:05:30] Render FAILED (exit 1)
    Render failed (attempt 5): Rendering 1200 frames (30s at 40fps, 24x24, mode=Clock)...
Compiling 2026-04-22_10-05-28.cs (app: KerzenlichtImWind)...
Error: C# compilation failed:
2026-04-22_10-05-28.cs(30,18): error CS1503: Argument "1": Konvertierung von "double" in "int" nicht möglich.
2026-04-22_10-05-28.cs(30,26): error CS1503: Argument "2": Konvertierung von "double" in "int" nicht möglich.
  [10:05:30] ✗ Implementor failed after 5 attempts, not posting to GitHub.
  Implementor exhausted retries — stopping workflow (re-run on next trigger).

  ─── Workflow complete ───

